id,delta_real,delta_pred,DrZ_real,DrZ_pred,delta_real,delta_pred,DrZ_real,DrZ_pred,delta_real,delta_pred,DrZ_real,DrZ_pred,delta_real,delta_pred,DrZ_real,DrZ_pred,delta_real,delta_pred,DrZ_real,DrZ_pred,delta_real,delta_pred,DrZ_real,DrZ_pred,delta_real,delta_pred,DrZ_real,DrZ_pred,None,None
,0,1,2,3,4,5,6,7,8,9,10,11,12,13,14,15,16,17,18,19,20,21,22,23,24,25,26,27,28,29
0,-0.1599999964237213,-0.1599999964237213,0.8500000238418579,0.9900000095367432,0.0,0.0,0.0,0.0,0.0,0.0,0.0,0.0,0.0,0.0,0.0,0.0,0.0,0.0,0.0,0.0,0.0,0.0,0.0,0.0,0.0,0.0,0.0,0.0,0.0,0.0
1,0.03999999910593033,0.03999999910593033,0.9100000262260437,0.9100000262260437,0.0,0.0,0.0,0.0,0.0,0.0,0.0,0.0,0.0,0.0,0.0,0.0,0.0,0.0,0.0,0.0,0.0,0.0,0.0,0.0,0.0,0.0,0.0,0.0,0.0,0.0
2,-0.05999999865889549,-0.05999999865889549,0.949999988079071,0.949999988079071,0.0,0.0,0.0,0.0,0.0,0.0,0.0,0.0,0.0,0.0,0.0,0.0,0.0,0.0,0.0,0.0,0.0,0.0,0.0,0.0,0.0,0.0,0.0,0.0,0.0,0.0
3,0.009999999776482582,0.009999999776482582,0.8899999856948853,0.8899999856948853,0.0,0.0,0.0,0.0,0.0,0.0,0.0,0.0,0.0,0.0,0.0,0.0,0.0,0.0,0.0,0.0,0.0,0.0,0.0,0.0,0.0,0.0,0.0,0.0,0.0,0.0
4,0.07000000029802322,0.07000000029802322,0.9100000262260437,0.9100000262260437,0.0,0.0,0.0,0.0,0.0,0.0,0.0,0.0,0.0,0.0,0.0,0.0,0.0,0.0,0.0,0.0,0.0,0.0,0.0,0.0,0.0,0.0,0.0,0.0,0.0,0.0
5,-0.029999999329447746,-0.029999999329447746,0.9700000286102295,0.9700000286102295,0.0,0.0,0.0,0.0,0.0,0.0,0.0,0.0,0.0,0.0,0.0,0.0,0.0,0.0,0.0,0.0,0.0,0.0,0.0,0.0,0.0,0.0,0.0,0.0,0.0,0.0
6,0.05000000074505806,0.05000000074505806,0.9399999976158142,0.9399999976158142,0.0,0.0,0.0,0.0,0.0,0.0,0.0,0.0,0.0,0.0,0.0,0.0,0.0,0.0,0.0,0.0,0.0,0.0,0.0,0.0,0.0,0.0,0.0,0.0,0.0,0.0
7,-0.07999999821186066,-0.07999999821186066,0.9900000095367432,0.9900000095367432,0.0,0.0,0.0,0.0,0.0,0.0,0.0,0.0,0.0,0.0,0.0,0.0,0.0,0.0,0.0,0.0,0.0,0.0,0.0,0.0,0.0,0.0,0.0,0.0,0.0,0.0
8,0.019999999552965164,0.019999999552965164,0.9100000262260437,0.9100000262260437,0.0,0.0,0.0,0.0,0.0,0.0,0.0,0.0,0.0,0.0,0.0,0.0,0.0,0.0,0.0,0.0,0.0,0.0,0.0,0.0,0.0,0.0,0.0,0.0,0.0,0.0
9,0.05000000074505806,0.05000000074505806,0.9300000071525574,0.9300000071525574,0.0,0.0,0.0,0.0,0.0,0.0,0.0,0.0,0.0,0.0,0.0,0.0,0.0,0.0,0.0,0.0,0.0,0.0,0.0,0.0,0.0,0.0,0.0,0.0,0.0,0.0
10,0.1599999964237213,0.1599999964237213,0.9800000190734863,0.9800000190734863,0.0,0.0,0.0,0.0,0.0,0.0,0.0,0.0,0.0,0.0,0.0,0.0,0.0,0.0,0.0,0.0,0.0,0.0,0.0,0.0,0.0,0.0,0.0,0.0,0.0,0.0
11,-0.05999999865889549,-0.05999999865889549,1.1399999856948853,1.1399999856948853,0.0,0.0,0.0,0.0,0.0,0.0,0.0,0.0,0.0,0.0,0.0,0.0,0.0,0.0,0.0,0.0,0.0,0.0,0.0,0.0,0.0,0.0,0.0,0.0,0.0,0.0
12,0.20000000298023224,0.20000000298023224,1.0800000429153442,1.0800000429153442,0.0,0.0,0.0,0.0,0.0,0.0,0.0,0.0,0.0,0.0,0.0,0.0,0.0,0.0,0.0,0.0,0.0,0.0,0.0,0.0,0.0,0.0,0.0,0.0,0.0,0.0
13,-0.2199999988079071,-0.2199999988079071,1.2799999713897705,1.2799999713897705,0.0,0.0,0.0,0.0,0.0,0.0,0.0,0.0,0.0,0.0,0.0,0.0,0.0,0.0,0.0,0.0,0.0,0.0,0.0,0.0,0.0,0.0,0.0,0.0,0.0,0.0
14,-0.15000000596046448,-0.15000000596046448,1.059999942779541,1.059999942779541,0.0,0.0,0.0,0.0,0.0,0.0,0.0,0.0,0.0,0.0,0.0,0.0,0.0,0.0,0.0,0.0,0.0,0.0,0.0,0.0,0.0,0.0,0.0,0.0,0.0,0.0
15,0.05999999865889549,0.05999999865889549,0.9100000262260437,0.9100000262260437,-0.14000000059604645,-0.14000000059604645,0.9700000286102295,0.8299999833106995,0.0,0.0,0.0,0.0,0.0,0.0,0.0,0.0,0.0,0.0,0.0,0.0,0.0,0.0,0.0,0.0,0.0,0.0,0.0,0.0,0.0,0.0
16,0.0,0.0,0.9700000286102295,0.9700000286102295,0.3199999928474426,0.3199999928474426,0.7300000190734863,0.7300000190734863,0.0,0.0,0.0,0.0,0.0,0.0,0.0,0.0,0.0,0.0,0.0,0.0,0.0,0.0,0.0,0.0,0.0,0.0,0.0,0.0,0.0,0.0
17,0.029999999329447746,0.029999999329447746,0.9700000286102295,0.9700000286102295,-0.23999999463558197,-0.23999999463558197,1.0499999523162842,1.0499999523162842,0.0,0.0,0.0,0.0,0.0,0.0,0.0,0.0,0.0,0.0,0.0,0.0,0.0,0.0,0.0,0.0,0.0,0.0,0.0,0.0,0.0,0.0
18,0.0,0.0,1.0,1.0,0.07000000029802322,0.07000000029802322,0.8199999928474426,0.8199999928474426,0.0,0.0,0.0,0.0,0.0,0.0,0.0,0.0,0.0,0.0,0.0,0.0,0.0,0.0,0.0,0.0,0.0,0.0,0.0,0.0,0.0,0.0
19,-0.38999998569488525,-0.11999999731779099,1.0,1.0,-0.15000000596046448,-0.15000000596046448,0.8899999856948853,0.8899999856948853,0.0,0.0,0.0,0.0,0.0,0.0,0.0,0.0,0.0,0.0,0.0,0.0,0.0,0.0,0.0,0.0,0.0,0.0,0.0,0.0,0.0,0.0
20,0.47999998927116394,-0.07000000029802322,0.6100000143051147,0.8799999952316284,0.23000000417232513,0.23000000417232513,0.7300000190734863,0.7300000190734863,0.0,0.0,0.0,0.0,0.0,0.0,0.0,0.0,0.0,0.0,0.0,0.0,0.0,0.0,0.0,0.0,0.0,0.0,0.0,0.0,0.0,0.0
21,-0.11999999731779099,-0.05999999865889549,1.090000033378601,0.5400000214576721,-0.14000000059604645,-0.14000000059604645,0.9599999785423279,0.9599999785423279,0.0,0.0,0.0,0.0,0.0,0.0,0.0,0.0,0.0,0.0,0.0,0.0,0.0,0.0,0.0,0.0,0.0,0.0,0.0,0.0,0.0,0.0
22,-0.03999999910593033,0.05999999865889549,0.9700000286102295,1.0299999713897705,0.14000000059604645,0.14000000059604645,0.8199999928474426,0.8199999928474426,0.0,0.0,0.0,0.0,0.0,0.0,0.0,0.0,0.0,0.0,0.0,0.0,0.0,0.0,0.0,0.0,0.0,0.0,0.0,0.0,0.0,0.0
23,0.019999999552965164,-0.009999999776482582,0.9300000071525574,1.0299999713897705,-0.019999999552965164,-0.019999999552965164,0.9700000286102295,0.9700000286102295,0.0,0.0,0.0,0.0,0.0,0.0,0.0,0.0,0.0,0.0,0.0,0.0,0.0,0.0,0.0,0.0,0.0,0.0,0.0,0.0,0.0,0.0
24,-0.15000000596046448,0.03999999910593033,0.9599999785423279,0.9200000166893005,-0.03999999910593033,-0.03999999910593033,0.949999988079071,0.949999988079071,0.0,0.0,0.0,0.0,0.0,0.0,0.0,0.0,0.0,0.0,0.0,0.0,0.0,0.0,0.0,0.0,0.0,0.0,0.0,0.0,0.0,0.0
25,0.009999999776482582,0.029999999329447746,0.8100000023841858,0.9900000095367432,-0.07999999821186066,-0.07999999821186066,0.8999999761581421,0.8999999761581421,0.0,0.0,0.0,0.0,0.0,0.0,0.0,0.0,0.0,0.0,0.0,0.0,0.0,0.0,0.0,0.0,0.0,0.0,0.0,0.0,0.0,0.0
26,0.4300000071525574,0.10999999940395355,0.8199999928474426,0.8399999737739563,0.009999999776482582,0.009999999776482582,0.8299999833106995,0.8299999833106995,0.0,0.0,0.0,0.0,0.0,0.0,0.0,0.0,0.0,0.0,0.0,0.0,0.0,0.0,0.0,0.0,0.0,0.0,0.0,0.0,0.0,0.0
27,-0.2199999988079071,0.019999999552965164,1.25,0.9300000071525574,-0.019999999552965164,-0.019999999552965164,0.8299999833106995,0.8299999833106995,0.0,0.0,0.0,0.0,0.0,0.0,0.0,0.0,0.0,0.0,0.0,0.0,0.0,0.0,0.0,0.0,0.0,0.0,0.0,0.0,0.0,0.0
28,-0.17000000178813934,0.10999999940395355,1.0299999713897705,1.2699999809265137,0.12999999523162842,0.12999999523162842,0.8100000023841858,0.8100000023841858,0.0,0.0,0.0,0.0,0.0,0.0,0.0,0.0,0.0,0.0,0.0,0.0,0.0,0.0,0.0,0.0,0.0,0.0,0.0,0.0,0.0,0.0
29,0.25,0.07999999821186066,0.8500000238418579,1.1399999856948853,-0.10000000149011612,-0.10000000149011612,0.9399999976158142,0.9399999976158142,0.0,0.0,0.0,0.0,0.0,0.0,0.0,0.0,0.0,0.0,0.0,0.0,0.0,0.0,0.0,0.0,0.0,0.0,0.0,0.0,0.0,0.0
30,0.05999999865889549,0.029999999329447746,1.100000023841858,0.9300000071525574,0.10000000149011612,0.10000000149011612,0.8399999737739563,0.8399999737739563,0.5,0.5,0.7699999809265137,0.5899999737739563,0.0,0.0,0.0,0.0,0.0,0.0,0.0,0.0,0.0,0.0,0.0,0.0,0.0,0.0,0.0,0.0,0.0,0.0
31,-0.05999999865889549,0.05000000074505806,1.1699999570846558,1.1399999856948853,0.029999999329447746,0.029999999329447746,0.9399999976158142,0.9399999976158142,-0.1899999976158142,-0.1899999976158142,1.0700000524520874,1.0700000524520874,0.0,0.0,0.0,0.0,0.0,0.0,0.0,0.0,0.0,0.0,0.0,0.0,0.0,0.0,0.0,0.0,0.0,0.0
32,0.09000000357627869,0.05000000074505806,1.1100000143051147,1.2200000286102295,-0.2800000011920929,-0.2800000011920929,0.9700000286102295,0.9700000286102295,0.0,0.0,0.8799999952316284,0.8799999952316284,0.0,0.0,0.0,0.0,0.0,0.0,0.0,0.0,0.0,0.0,0.0,0.0,0.0,0.0,0.0,0.0,0.0,0.0
33,-0.15000000596046448,0.05000000074505806,1.2000000476837158,1.159999966621399,0.05999999865889549,0.05999999865889549,0.6899999976158142,0.6899999976158142,0.12999999523162842,0.12999999523162842,0.8899999856948853,0.8899999856948853,0.0,0.0,0.0,0.0,0.0,0.0,0.0,0.0,0.0,0.0,0.0,0.0,0.0,0.0,0.0,0.0,0.0,0.0
34,-0.23000000417232513,-0.0,1.0499999523162842,1.25,-0.0,0.10999999940395355,0.75,0.75,-0.12999999523162842,-0.12999999523162842,1.0099999904632568,1.0099999904632568,0.0,0.0,0.0,0.0,0.0,0.0,0.0,0.0,0.0,0.0,0.0,0.0,0.0,0.0,0.0,0.0,0.0,0.0
35,-0.07999999821186066,0.029999999329447746,0.8299999833106995,1.0499999523162842,0.14000000059604645,-0.029999999329447746,0.75,0.8600000143051147,0.20000000298023224,0.20000000298023224,0.8799999952316284,0.8799999952316284,0.0,0.0,0.0,0.0,0.0,0.0,0.0,0.0,0.0,0.0,0.0,0.0,0.0,0.0,0.0,0.0,0.0,0.0
36,0.23999999463558197,0.0,0.7400000095367432,0.8600000143051147,-0.019999999552965164,-0.05000000074505806,0.8999999761581421,0.7200000286102295,-0.10000000149011612,-0.10000000149011612,1.090000033378601,1.090000033378601,0.0,0.0,0.0,0.0,0.0,0.0,0.0,0.0,0.0,0.0,0.0,0.0,0.0,0.0,0.0,0.0,0.0,0.0
37,0.07999999821186066,-0.03999999910593033,0.9900000095367432,0.7400000095367432,-0.029999999329447746,0.03999999910593033,0.8700000047683716,0.8399999737739563,0.019999999552965164,0.019999999552965164,0.9900000095367432,0.9900000095367432,0.0,0.0,0.0,0.0,0.0,0.0,0.0,0.0,0.0,0.0,0.0,0.0,0.0,0.0,0.0,0.0,0.0,0.0
38,-0.1899999976158142,0.05000000074505806,1.059999942779541,0.949999988079071,0.10000000149011612,-0.05000000074505806,0.8399999737739563,0.9100000262260437,-0.20000000298023224,-0.20000000298023224,1.0099999904632568,1.0099999904632568,0.0,0.0,0.0,0.0,0.0,0.0,0.0,0.0,0.0,0.0,0.0,0.0,0.0,0.0,0.0,0.0,0.0,0.0
39,0.009999999776482582,0.009999999776482582,0.8799999952316284,1.1200000047683716,0.009999999776482582,-0.11999999731779099,0.9399999976158142,0.800000011920929,-0.07000000029802322,-0.07000000029802322,0.8199999928474426,0.8199999928474426,0.0,0.0,0.0,0.0,0.0,0.0,0.0,0.0,0.0,0.0,0.0,0.0,0.0,0.0,0.0,0.0,0.0,0.0
40,-0.09000000357627869,0.029999999329447746,0.8799999952316284,0.8799999952316284,-0.20000000298023224,0.05999999865889549,0.9599999785423279,0.8299999833106995,0.15000000596046448,0.15000000596046448,0.7400000095367432,0.7400000095367432,0.0,0.0,0.0,0.0,0.0,0.0,0.0,0.0,0.0,0.0,0.0,0.0,0.0,0.0,0.0,0.0,0.0,0.0
41,0.2199999988079071,0.05999999865889549,0.800000011920929,0.9200000166893005,0.20000000298023224,-0.12999999523162842,0.7599999904632568,1.0199999809265137,-0.10999999940395355,-0.10999999940395355,0.8899999856948853,0.8899999856948853,0.0,0.0,0.0,0.0,0.0,0.0,0.0,0.0,0.0,0.0,0.0,0.0,0.0,0.0,0.0,0.0,0.0,0.0
42,0.07999999821186066,0.009999999776482582,1.0199999809265137,0.8500000238418579,-0.1599999964237213,-0.019999999552965164,0.949999988079071,0.6299999952316284,0.03999999910593033,0.03999999910593033,0.7799999713897705,0.7799999713897705,0.0,0.0,0.0,0.0,0.0,0.0,0.0,0.0,0.0,0.0,0.0,0.0,0.0,0.0,0.0,0.0,0.0,0.0
43,-0.20999999344348907,0.11999999731779099,1.100000023841858,1.0299999713897705,0.05000000074505806,0.10000000149011612,0.7900000214576721,0.9300000071525574,-0.03999999910593033,-0.03999999910593033,0.8299999833106995,0.8299999833106995,0.0,0.0,0.0,0.0,0.0,0.0,0.0,0.0,0.0,0.0,0.0,0.0,0.0,0.0,0.0,0.0,0.0,0.0
44,-0.11999999731779099,0.07999999821186066,0.8899999856948853,1.2200000286102295,0.1899999976158142,-0.10000000149011612,0.8399999737739563,0.8899999856948853,0.07000000029802322,0.07000000029802322,0.7900000214576721,0.7900000214576721,0.0,0.0,0.0,0.0,0.0,0.0,0.0,0.0,0.0,0.0,0.0,0.0,0.0,0.0,0.0,0.0,0.0,0.0
45,0.3400000035762787,0.009999999776482582,0.7699999809265137,0.9700000286102295,-0.03999999910593033,-0.11999999731779099,1.0299999713897705,0.7400000095367432,-0.019999999552965164,-0.019999999552965164,0.8600000143051147,0.8600000143051147,-0.14000000059604645,-0.14000000059604645,0.949999988079071,0.9200000166893005,0.0,0.0,0.0,0.0,0.0,0.0,0.0,0.0,0.0,0.0,0.0,0.0,0.0,0.0
46,-0.1599999964237213,0.019999999552965164,1.1100000143051147,0.7799999713897705,0.07999999821186066,-0.12999999523162842,0.9900000095367432,0.9100000262260437,0.09000000357627869,0.09000000357627869,0.8299999833106995,0.8299999833106995,-0.1599999964237213,-0.1599999964237213,0.800000011920929,0.800000011920929,0.0,0.0,0.0,0.0,0.0,0.0,0.0,0.0,0.0,0.0,0.0,0.0,0.0,0.0
47,-0.03999999910593033,0.05999999865889549,0.949999988079071,1.1299999952316284,-0.1599999964237213,0.019999999552965164,1.0700000524520874,0.8500000238418579,-0.1899999976158142,-0.1899999976158142,0.9300000071525574,0.9300000071525574,0.18000000715255737,0.18000000715255737,0.6399999856948853,0.6399999856948853,0.0,0.0,0.0,0.0,0.0,0.0,0.0,0.0,0.0,0.0,0.0,0.0,0.0,0.0
48,-0.05999999865889549,0.07999999821186066,0.9100000262260437,1.0099999904632568,0.03999999910593033,-0.05000000074505806,0.9100000262260437,1.090000033378601,0.03999999910593033,0.03999999910593033,0.7400000095367432,0.7400000095367432,-0.05999999865889549,-0.05999999865889549,0.8199999928474426,0.8199999928474426,0.0,0.0,0.0,0.0,0.0,0.0,0.0,0.0,0.0,0.0,0.0,0.0,0.0,0.0
49,0.0,0.0,0.0,0.0,-0.05999999865889549,-0.07000000029802322,0.949999988079071,0.8600000143051147,0.019999999552965164,-0.029999999329447746,0.7799999713897705,0.7799999713897705,0.03999999910593033,0.03999999910593033,0.75,0.75,0.0,0.0,0.0,0.0,0.0,0.0,0.0,0.0,0.0,0.0,0.0,0.0,0.0,0.0
50,0.0,0.0,0.0,0.0,0.009999999776482582,-0.10000000149011612,0.8899999856948853,0.8899999856948853,0.029999999329447746,0.07000000029802322,0.800000011920929,0.7400000095367432,0.2199999988079071,0.2199999988079071,0.7900000214576721,0.7900000214576721,0.0,0.0,0.0,0.0,0.0,0.0,0.0,0.0,0.0,0.0,0.0,0.0,0.0,0.0
51,0.0,0.0,0.0,0.0,0.07000000029802322,-0.10999999940395355,0.9100000262260437,0.7900000214576721,0.11999999731779099,0.05999999865889549,0.8299999833106995,0.8600000143051147,-0.009999999776482582,-0.009999999776482582,1.0099999904632568,1.0099999904632568,0.0,0.0,0.0,0.0,0.0,0.0,0.0,0.0,0.0,0.0,0.0,0.0,0.0,0.0
52,0.0,0.0,0.0,0.0,-0.029999999329447746,-0.05000000074505806,0.9700000286102295,0.800000011920929,-0.12999999523162842,0.05999999865889549,0.949999988079071,0.8799999952316284,0.009999999776482582,0.009999999776482582,1.0,1.0,0.0,0.0,0.0,0.0,0.0,0.0,0.0,0.0,0.0,0.0,0.0,0.0,0.0,0.0
53,0.0,0.0,0.0,0.0,0.05000000074505806,-0.05000000074505806,0.9399999976158142,0.9200000166893005,0.17000000178813934,0.019999999552965164,0.8100000023841858,1.0,0.009999999776482582,0.009999999776482582,1.0099999904632568,1.0099999904632568,0.0,0.0,0.0,0.0,0.0,0.0,0.0,0.0,0.0,0.0,0.0,0.0,0.0,0.0
54,0.0,0.0,0.0,0.0,-0.07999999821186066,-0.019999999552965164,0.9900000095367432,0.8799999952316284,0.009999999776482582,-0.05999999865889549,0.9800000190734863,0.8299999833106995,-0.019999999552965164,-0.019999999552965164,1.0199999809265137,1.0199999809265137,0.0,0.0,0.0,0.0,0.0,0.0,0.0,0.0,0.0,0.0,0.0,0.0,0.0,0.0
55,0.0,0.0,0.0,0.0,0.019999999552965164,-0.07000000029802322,0.9100000262260437,0.9700000286102295,-0.10000000149011612,0.07999999821186066,0.9900000095367432,0.9300000071525574,-0.18000000715255737,-0.18000000715255737,1.0,1.0,0.0,0.0,0.0,0.0,0.0,0.0,0.0,0.0,0.0,0.0,0.0,0.0,0.0,0.0
56,0.0,0.0,0.0,0.0,0.05000000074505806,-0.03999999910593033,0.9300000071525574,0.8399999737739563,-0.10000000149011612,-0.019999999552965164,0.8899999856948853,1.0700000524520874,-0.019999999552965164,-0.019999999552965164,0.8199999928474426,0.8199999928474426,0.0,0.0,0.0,0.0,0.0,0.0,0.0,0.0,0.0,0.0,0.0,0.0,0.0,0.0
57,0.0,0.0,0.0,0.0,0.1599999964237213,-0.12999999523162842,0.9800000190734863,0.8899999856948853,0.15000000596046448,-0.05000000074505806,0.7900000214576721,0.8600000143051147,-0.12999999523162842,-0.12999999523162842,0.800000011920929,0.800000011920929,0.0,0.0,0.0,0.0,0.0,0.0,0.0,0.0,0.0,0.0,0.0,0.0,0.0,0.0
58,0.0,0.0,0.0,0.0,-0.05999999865889549,-0.09000000357627869,1.1399999856948853,0.8500000238418579,0.14000000059604645,0.009999999776482582,0.9399999976158142,0.7400000095367432,0.10000000149011612,0.10000000149011612,0.6700000166893005,0.6700000166893005,0.0,0.0,0.0,0.0,0.0,0.0,0.0,0.0,0.0,0.0,0.0,0.0,0.0,0.0
59,0.0,0.0,0.0,0.0,0.20000000298023224,-0.03999999910593033,1.0800000429153442,1.0499999523162842,-0.33000001311302185,-0.07999999821186066,1.0700000524520874,0.949999988079071,0.18000000715255737,0.18000000715255737,0.7699999809265137,0.7699999809265137,0.0,0.0,0.0,0.0,0.0,0.0,0.0,0.0,0.0,0.0,0.0,0.0,0.0,0.0
60,0.0,0.0,0.0,0.0,-0.2199999988079071,-0.14000000059604645,1.2799999713897705,1.0399999618530273,0.20000000298023224,-0.009999999776482582,0.7400000095367432,0.9900000095367432,0.009999999776482582,0.009999999776482582,0.949999988079071,0.949999988079071,-0.029999999329447746,-0.029999999329447746,1.0,1.100000023841858,0.0,0.0,0.0,0.0,0.0,0.0,0.0,0.0,0.0,0.0
61,0.0,0.0,0.0,0.0,-0.15000000596046448,-0.07000000029802322,1.059999942779541,1.1399999856948853,0.029999999329447746,0.05000000074505806,0.9399999976158142,0.7300000190734863,-0.1599999964237213,-0.1599999964237213,0.9599999785423279,0.9599999785423279,-0.1599999964237213,-0.1599999964237213,0.8999999761581421,0.8999999761581421,0.0,0.0,0.0,0.0,0.0,0.0,0.0,0.0,0.0,0.0
62,0.0,0.0,0.0,0.0,0.05999999865889549,-0.05999999865889549,0.9100000262260437,0.9900000095367432,-0.03999999910593033,-0.03999999910593033,0.9700000286102295,0.9900000095367432,0.23999999463558197,0.23999999463558197,0.8100000023841858,0.8100000023841858,0.07999999821186066,0.07999999821186066,0.7400000095367432,0.7400000095367432,0.0,0.0,0.0,0.0,0.0,0.0,0.0,0.0,0.0,0.0
63,0.0,0.0,0.0,0.0,0.0,-0.14000000059604645,0.9700000286102295,0.8500000238418579,-0.07000000029802322,-0.029999999329447746,0.9300000071525574,0.9300000071525574,-0.20000000298023224,-0.20000000298023224,1.0499999523162842,1.0499999523162842,-0.0,-0.0,0.8199999928474426,0.8199999928474426,0.0,0.0,0.0,0.0,0.0,0.0,0.0,0.0,0.0,0.0
64,0.0,0.0,0.0,0.0,0.0,0.0,0.0,0.0,-0.009999999776482582,0.009999999776482582,0.8600000143051147,0.8999999761581421,0.14000000059604645,-0.10999999940395355,0.8500000238418579,0.8500000238418579,-0.0,-0.0,0.8199999928474426,0.8199999928474426,0.0,0.0,0.0,0.0,0.0,0.0,0.0,0.0,0.0,0.0
65,0.0,0.0,0.0,0.0,0.0,0.0,0.0,0.0,-0.10999999940395355,0.009999999776482582,0.8500000238418579,0.8700000047683716,0.05999999865889549,-0.10000000149011612,0.9900000095367432,0.7400000095367432,-0.029999999329447746,-0.029999999329447746,0.8199999928474426,0.8199999928474426,0.0,0.0,0.0,0.0,0.0,0.0,0.0,0.0,0.0,0.0
66,0.0,0.0,0.0,0.0,0.0,0.0,0.0,0.0,0.07999999821186066,-0.05000000074505806,0.7400000095367432,0.8600000143051147,0.09000000357627869,0.09000000357627869,1.0499999523162842,0.8899999856948853,0.03999999910593033,0.03999999910593033,0.7900000214576721,0.7900000214576721,0.0,0.0,0.0,0.0,0.0,0.0,0.0,0.0,0.0,0.0
67,0.0,0.0,0.0,0.0,0.0,0.0,0.0,0.0,0.009999999776482582,-0.019999999552965164,0.8299999833106995,0.699999988079071,-0.30000001192092896,-0.009999999776482582,1.1399999856948853,1.1399999856948853,0.0,0.0,0.8299999833106995,0.8299999833106995,0.0,0.0,0.0,0.0,0.0,0.0,0.0,0.0,0.0,0.0
68,0.0,0.0,0.0,0.0,0.0,0.0,0.0,0.0,-0.07999999821186066,0.009999999776482582,0.8399999737739563,0.800000011920929,0.0,-0.07000000029802322,0.8399999737739563,1.1200000047683716,0.03999999910593033,0.03999999910593033,0.8299999833106995,0.8299999833106995,0.0,0.0,0.0,0.0,0.0,0.0,0.0,0.0,0.0,0.0
69,0.0,0.0,0.0,0.0,0.0,0.0,0.0,0.0,0.03999999910593033,-0.009999999776482582,0.7599999904632568,0.8500000238418579,0.17000000178813934,0.10999999940395355,0.8399999737739563,0.7699999809265137,-0.07000000029802322,-0.07000000029802322,0.8700000047683716,0.8700000047683716,0.0,0.0,0.0,0.0,0.0,0.0,0.0,0.0,0.0,0.0
70,0.0,0.0,0.0,0.0,0.0,0.0,0.0,0.0,-0.10999999940395355,0.03999999910593033,0.8100000023841858,0.75,-0.11999999731779099,0.0,1.0099999904632568,0.949999988079071,0.14000000059604645,0.14000000059604645,0.800000011920929,0.800000011920929,0.0,0.0,0.0,0.0,0.0,0.0,0.0,0.0,0.0,0.0
71,0.0,0.0,0.0,0.0,0.0,0.0,0.0,0.0,0.17000000178813934,0.019999999552965164,0.699999988079071,0.8399999737739563,0.3100000023841858,0.12999999523162842,0.8899999856948853,1.0099999904632568,0.10000000149011612,0.10000000149011612,0.9399999976158142,0.9399999976158142,0.0,0.0,0.0,0.0,0.0,0.0,0.0,0.0,0.0,0.0
72,0.0,0.0,0.0,0.0,0.0,0.0,0.0,0.0,-0.07999999821186066,-0.03999999910593033,0.8700000047683716,0.7200000286102295,-0.23999999463558197,0.09000000357627869,1.2000000476837158,1.0199999809265137,-0.1599999964237213,-0.1599999964237213,1.0399999618530273,1.0399999618530273,0.0,0.0,0.0,0.0,0.0,0.0,0.0,0.0,0.0,0.0
73,0.0,0.0,0.0,0.0,0.0,0.0,0.0,0.0,-0.009999999776482582,-0.009999999776482582,0.7900000214576721,0.8299999833106995,-0.10000000149011612,0.18000000715255737,0.9599999785423279,1.2799999713897705,-0.07000000029802322,-0.07000000029802322,0.8799999952316284,0.8799999952316284,0.0,0.0,0.0,0.0,0.0,0.0,0.0,0.0,0.0,0.0
74,0.0,0.0,0.0,0.0,0.0,0.0,0.0,0.0,0.029999999329447746,0.0,0.7699999809265137,0.7799999713897705,0.009999999776482582,0.05000000074505806,0.8600000143051147,1.1399999856948853,0.05999999865889549,0.05999999865889549,0.8100000023841858,0.8100000023841858,0.0,0.0,0.0,0.0,0.0,0.0,0.0,0.0,0.0,0.0
75,0.0,0.0,0.0,0.0,0.0,0.0,0.0,0.0,-0.05999999865889549,0.03999999910593033,0.800000011920929,0.7699999809265137,0.07000000029802322,0.07999999821186066,0.8700000047683716,0.9100000262260437,-0.10999999940395355,-0.10999999940395355,0.8700000047683716,0.8700000047683716,0.14000000059604645,0.14000000059604645,0.8199999928474426,0.6299999952316284,0.0,0.0,0.0,0.0,0.0,0.0
76,0.0,0.0,0.0,0.0,0.0,0.0,0.0,0.0,0.05000000074505806,0.03999999910593033,0.75,0.8500000238418579,0.11999999731779099,0.10999999940395355,0.9399999976158142,0.949999988079071,0.10000000149011612,0.10000000149011612,0.7699999809265137,0.7699999809265137,0.05999999865889549,0.05999999865889549,0.9900000095367432,0.9900000095367432,0.0,0.0,0.0,0.0,0.0,0.0
77,0.0,0.0,0.0,0.0,0.0,0.0,0.0,0.0,-0.07999999821186066,-0.009999999776482582,0.7900000214576721,0.7900000214576721,-0.029999999329447746,0.05999999865889549,1.059999942779541,1.0499999523162842,-0.019999999552965164,-0.019999999552965164,0.8700000047683716,0.8700000047683716,0.09000000357627869,0.09000000357627869,1.0499999523162842,1.0499999523162842,0.0,0.0,0.0,0.0,0.0,0.0
78,0.0,0.0,0.0,0.0,0.0,0.0,0.0,0.0,0.05999999865889549,-0.11999999731779099,0.7099999785423279,0.7900000214576721,-0.05000000074505806,0.18000000715255737,1.0299999713897705,1.1200000047683716,0.029999999329447746,0.029999999329447746,0.8399999737739563,0.8399999737739563,-0.30000001192092896,-0.30000001192092896,1.1399999856948853,1.1399999856948853,0.0,0.0,0.0,0.0,0.0,0.0
79,0.0,0.0,0.0,0.0,0.0,0.0,0.0,0.0,0.0,0.0,0.0,0.0,0.1899999976158142,0.1599999964237213,0.9800000190734863,1.2100000381469727,0.029999999329447746,-0.15000000596046448,0.8799999952316284,0.8799999952316284,0.0,0.0,0.8399999737739563,0.8399999737739563,0.0,0.0,0.0,0.0,0.0,0.0
80,0.0,0.0,0.0,0.0,0.0,0.0,0.0,0.0,0.0,0.0,0.0,0.0,0.09000000357627869,0.14000000059604645,1.1699999570846558,1.1399999856948853,0.07999999821186066,0.019999999552965164,0.8999999761581421,0.7200000286102295,0.17000000178813934,0.17000000178813934,0.8399999737739563,0.8399999737739563,0.0,0.0,0.0,0.0,0.0,0.0
81,0.0,0.0,0.0,0.0,0.0,0.0,0.0,0.0,0.0,0.0,0.0,0.0,-0.3100000023841858,0.20999999344348907,1.2599999904632568,1.309999942779541,-0.30000001192092896,-0.07999999821186066,0.9800000190734863,0.9200000166893005,-0.11999999731779099,-0.11999999731779099,1.0099999904632568,1.0099999904632568,0.0,0.0,0.0,0.0,0.0,0.0
82,0.0,0.0,0.0,0.0,0.0,0.0,0.0,0.0,0.0,0.0,0.0,0.0,0.05000000074505806,0.07000000029802322,0.9399999976158142,1.4700000286102295,0.019999999552965164,-0.17000000178813934,0.6899999976158142,0.8999999761581421,0.3100000023841858,0.3100000023841858,0.8899999856948853,0.8899999856948853,0.0,0.0,0.0,0.0,0.0,0.0
83,0.0,0.0,0.0,0.0,0.0,0.0,0.0,0.0,0.0,0.0,0.0,0.0,-0.029999999329447746,0.09000000357627869,0.9900000095367432,1.0099999904632568,-0.009999999776482582,-0.07000000029802322,0.7099999785423279,0.5199999809265137,-0.23999999463558197,-0.23999999463558197,1.2000000476837158,1.2000000476837158,0.0,0.0,0.0,0.0,0.0,0.0
84,0.0,0.0,0.0,0.0,0.0,0.0,0.0,0.0,0.0,0.0,0.0,0.0,0.10999999940395355,0.11999999731779099,0.9599999785423279,1.0800000429153442,-0.019999999552965164,-0.14000000059604645,0.699999988079071,0.6399999856948853,-0.10000000149011612,-0.10000000149011612,0.9599999785423279,0.9599999785423279,0.0,0.0,0.0,0.0,0.0,0.0
85,0.0,0.0,0.0,0.0,0.0,0.0,0.0,0.0,0.0,0.0,0.0,0.0,-0.11999999731779099,0.1599999964237213,1.0700000524520874,1.0800000429153442,-0.07000000029802322,-0.029999999329447746,0.6800000071525574,0.5600000023841858,0.009999999776482582,0.009999999776482582,0.8600000143051147,0.8600000143051147,0.0,0.0,0.0,0.0,0.0,0.0
86,0.0,0.0,0.0,0.0,0.0,0.0,0.0,0.0,0.0,0.0,0.0,0.0,0.12999999523162842,0.1599999964237213,0.9399999976158142,1.2300000190734863,-0.05000000074505806,0.029999999329447746,0.6100000143051147,0.6499999761581421,0.07000000029802322,0.07000000029802322,0.8700000047683716,0.8700000047683716,0.0,0.0,0.0,0.0,0.0,0.0
87,0.0,0.0,0.0,0.0,0.0,0.0,0.0,0.0,0.0,0.0,0.0,0.0,-0.07999999821186066,0.14000000059604645,1.0700000524520874,1.100000023841858,0.11999999731779099,0.029999999329447746,0.5600000023841858,0.6499999761581421,0.11999999731779099,0.11999999731779099,0.9399999976158142,0.9399999976158142,0.0,0.0,0.0,0.0,0.0,0.0
88,0.0,0.0,0.0,0.0,0.0,0.0,0.0,0.0,0.0,0.0,0.0,0.0,0.03999999910593033,0.20000000298023224,0.9900000095367432,1.2100000381469727,-0.09000000357627869,0.07999999821186066,0.6800000071525574,0.5799999833106995,-0.029999999329447746,-0.029999999329447746,1.059999942779541,1.059999942779541,0.0,0.0,0.0,0.0,0.0,0.0
89,0.0,0.0,0.0,0.0,0.0,0.0,0.0,0.0,0.0,0.0,0.0,0.0,0.009999999776482582,0.18000000715255737,1.0299999713897705,1.190000057220459,0.009999999776482582,-0.09000000357627869,0.5899999737739563,0.7599999904632568,-0.05000000074505806,-0.05000000074505806,1.0299999713897705,1.0299999713897705,0.0,0.0,0.0,0.0,0.0,0.0
90,0.0,0.0,0.0,0.0,0.0,0.0,0.0,0.0,0.0,0.0,0.0,0.0,0.07000000029802322,0.12999999523162842,1.0399999618530273,1.2100000381469727,-0.009999999776482582,0.009999999776482582,0.6000000238418579,0.5,0.1899999976158142,0.1899999976158142,0.9800000190734863,0.9800000190734863,0.05999999865889549,0.05999999865889549,0.8899999856948853,1.2999999523162842,0.0,0.0
91,0.0,0.0,0.0,0.0,0.0,0.0,0.0,0.0,0.0,0.0,0.0,0.0,-0.10000000149011612,0.10999999940395355,1.1100000143051147,1.1699999570846558,-0.17000000178813934,0.029999999329447746,0.5899999737739563,0.6100000143051147,0.09000000357627869,0.09000000357627869,1.1699999570846558,1.1699999570846558,0.09000000357627869,0.09000000357627869,0.9300000071525574,0.9300000071525574,0.0,0.0
92,0.0,0.0,0.0,0.0,0.0,0.0,0.0,0.0,0.0,0.0,0.0,0.0,-0.03999999910593033,0.14000000059604645,1.0099999904632568,1.2200000286102295,0.019999999552965164,-0.029999999329447746,0.4300000071525574,0.6299999952316284,-0.3100000023841858,-0.3100000023841858,1.2599999904632568,1.2599999904632568,-0.09000000357627869,-0.09000000357627869,1.0299999713897705,1.0299999713897705,0.0,0.0
93,0.0,0.0,0.0,0.0,0.0,0.0,0.0,0.0,0.0,0.0,0.0,0.0,-0.019999999552965164,-0.03999999910593033,0.9700000286102295,1.1399999856948853,1.25,-0.0,0.44999998807907104,0.4000000059604645,0.05000000074505806,0.05000000074505806,0.9399999976158142,0.9399999976158142,0.07000000029802322,0.07000000029802322,0.9300000071525574,0.9300000071525574,0.0,0.0
94,0.0,0.0,0.0,0.0,0.0,0.0,0.0,0.0,0.0,0.0,0.0,0.0,0.0,0.0,0.0,0.0,-0.5099999904632568,-0.029999999329447746,1.7000000476837158,0.44999998807907104,-0.029999999329447746,-0.10000000149011612,0.9900000095367432,0.9900000095367432,0.009999999776482582,0.009999999776482582,1.0,1.0,0.0,0.0
95,0.0,0.0,0.0,0.0,0.0,0.0,0.0,0.0,0.0,0.0,0.0,0.0,0.0,0.0,0.0,0.0,0.44999998807907104,0.07999999821186066,1.190000057220459,1.6699999570846558,0.10999999940395355,-0.09000000357627869,0.9599999785423279,0.8999999761581421,0.009999999776482582,0.009999999776482582,1.0099999904632568,1.0099999904632568,0.0,0.0
96,0.0,0.0,0.0,0.0,0.0,0.0,0.0,0.0,0.0,0.0,0.0,0.0,0.0,0.0,0.0,0.0,0.15000000596046448,0.05000000074505806,1.6399999856948853,1.2599999904632568,-0.11999999731779099,0.009999999776482582,1.0700000524520874,0.8700000047683716,0.009999999776482582,0.009999999776482582,1.0199999809265137,1.0199999809265137,0.0,0.0
97,0.0,0.0,0.0,0.0,0.0,0.0,0.0,0.0,0.0,0.0,0.0,0.0,0.0,0.0,0.0,0.0,-0.25,-0.07000000029802322,1.7899999618530273,1.6799999475479126,0.12999999523162842,0.03999999910593033,0.9399999976158142,1.0800000429153442,-0.28999999165534973,-0.28999999165534973,1.0399999618530273,1.0399999618530273,0.0,0.0
98,0.0,0.0,0.0,0.0,0.0,0.0,0.0,0.0,0.0,0.0,0.0,0.0,0.0,0.0,0.0,0.0,0.09000000357627869,0.05000000074505806,1.5399999618530273,1.7300000190734863,-0.07999999821186066,0.14000000059604645,1.0700000524520874,0.9800000190734863,0.44999998807907104,0.44999998807907104,0.75,0.75,0.0,0.0
99,0.0,0.0,0.0,0.0,0.0,0.0,0.0,0.0,0.0,0.0,0.0,0.0,0.0,0.0,0.0,0.0,-0.14000000059604645,-0.09000000357627869,1.6299999952316284,1.590000033378601,0.03999999910593033,0.1599999964237213,0.9900000095367432,1.2100000381469727,0.49000000953674316,0.49000000953674316,1.2000000476837158,1.2000000476837158,0.0,0.0
100,0.0,0.0,0.0,0.0,0.0,0.0,0.0,0.0,0.0,0.0,0.0,0.0,0.0,0.0,0.0,0.0,-0.11999999731779099,0.07999999821186066,1.4900000095367432,1.5399999618530273,0.009999999776482582,0.05000000074505806,1.0299999713897705,1.149999976158142,-0.3799999952316284,-0.3799999952316284,1.690000057220459,1.690000057220459,0.0,0.0
101,0.0,0.0,0.0,0.0,0.0,0.0,0.0,0.0,0.0,0.0,0.0,0.0,0.0,0.0,0.0,0.0,0.029999999329447746,0.05999999865889549,1.3700000047683716,1.5700000524520874,0.07000000029802322,-0.10999999940395355,1.0399999618530273,1.0800000429153442,-0.23000000417232513,-0.23000000417232513,1.309999942779541,1.309999942779541,0.0,0.0
102,0.0,0.0,0.0,0.0,0.0,0.0,0.0,0.0,0.0,0.0,0.0,0.0,0.0,0.0,0.0,0.0,0.38999998569488525,-0.05999999865889549,1.399999976158142,1.4299999475479126,-0.10000000149011612,0.029999999329447746,1.1100000143051147,0.9200000166893005,-0.05000000074505806,-0.05000000074505806,1.0800000429153442,1.0800000429153442,0.0,0.0
103,0.0,0.0,0.0,0.0,0.0,0.0,0.0,0.0,0.0,0.0,0.0,0.0,0.0,0.0,0.0,0.0,-0.5,-0.10999999940395355,1.7899999618530273,1.340000033378601,-0.03999999910593033,-0.05999999865889549,1.0099999904632568,1.1399999856948853,-0.029999999329447746,-0.029999999329447746,1.0399999618530273,1.0399999618530273,0.0,0.0
104,0.0,0.0,0.0,0.0,0.0,0.0,0.0,0.0,0.0,0.0,0.0,0.0,0.0,0.0,0.0,0.0,-0.17000000178813934,-0.05000000074505806,1.2899999618530273,1.6799999475479126,-0.019999999552965164,0.17000000178813934,0.9700000286102295,0.9399999976158142,0.17000000178813934,0.17000000178813934,1.0099999904632568,1.0099999904632568,0.0,0.0
105,0.0,0.0,0.0,0.0,0.0,0.0,0.0,0.0,0.0,0.0,0.0,0.0,0.0,0.0,0.0,0.0,-0.07000000029802322,-0.10000000149011612,1.1200000047683716,1.2300000190734863,0.10999999940395355,0.09000000357627869,0.949999988079071,1.1399999856948853,-0.20999999344348907,-0.20999999344348907,1.1799999475479126,1.1799999475479126,0.0,0.0
106,0.0,0.0,0.0,0.0,0.0,0.0,0.0,0.0,0.0,0.0,0.0,0.0,0.0,0.0,0.0,0.0,0.09000000357627869,-0.029999999329447746,1.0499999523162842,1.0199999809265137,-0.10000000149011612,0.07000000029802322,1.059999942779541,1.0399999618530273,0.1899999976158142,0.1899999976158142,0.9700000286102295,0.9700000286102295,0.0,0.0
107,0.0,0.0,0.0,0.0,0.0,0.0,0.0,0.0,0.0,0.0,0.0,0.0,0.0,0.0,0.0,0.0,-0.11999999731779099,-0.009999999776482582,1.1399999856948853,1.0199999809265137,0.12999999523162842,0.09000000357627869,0.9599999785423279,1.1299999952316284,-0.009999999776482582,-0.009999999776482582,1.159999966621399,1.159999966621399,0.0,0.0
108,0.0,0.0,0.0,0.0,0.0,0.0,0.0,0.0,0.0,0.0,0.0,0.0,0.0,0.0,0.0,0.0,-0.029999999329447746,0.07999999821186066,1.0299999713897705,1.1299999952316284,-0.25,0.10000000149011612,1.090000033378601,1.0499999523162842,0.1899999976158142,0.1899999976158142,1.149999976158142,1.149999976158142,0.0,0.0
109,0.0,0.0,0.0,0.0,0.0,0.0,0.0,0.0,0.0,0.0,0.0,0.0,0.0,0.0,0.0,0.0,0.0,0.0,0.0,0.0,0.009999999776482582,0.07000000029802322,0.8399999737739563,1.190000057220459,-0.15000000596046448,-0.10000000149011612,1.340000033378601,1.340000033378601,0.0,0.0
110,0.0,0.0,0.0,0.0,0.0,0.0,0.0,0.0,0.0,0.0,0.0,0.0,0.0,0.0,0.0,0.0,0.0,0.0,0.0,0.0,0.23000000417232513,0.07000000029802322,0.8500000238418579,0.9100000262260437,-0.2800000011920929,-0.07000000029802322,1.190000057220459,1.25,0.0,0.0
111,0.0,0.0,0.0,0.0,0.0,0.0,0.0,0.0,0.0,0.0,0.0,0.0,0.0,0.0,0.0,0.0,0.0,0.0,0.0,0.0,-0.17000000178813934,0.10000000149011612,1.0800000429153442,0.9200000166893005,0.11999999731779099,-0.20000000298023224,0.9100000262260437,1.1299999952316284,0.0,0.0
112,0.0,0.0,0.0,0.0,0.0,0.0,0.0,0.0,0.0,0.0,0.0,0.0,0.0,0.0,0.0,0.0,0.0,0.0,0.0,0.0,0.20000000298023224,0.12999999523162842,0.9100000262260437,1.1799999475479126,0.25999999046325684,0.029999999329447746,1.0299999713897705,0.7099999785423279,0.0,0.0
113,0.0,0.0,0.0,0.0,0.0,0.0,0.0,0.0,0.0,0.0,0.0,0.0,0.0,0.0,0.0,0.0,0.0,0.0,0.0,0.0,-0.03999999910593033,0.10999999940395355,1.1100000143051147,1.0399999618530273,0.029999999329447746,-0.10000000149011612,1.2899999618530273,1.0700000524520874,0.0,0.0
114,0.0,0.0,0.0,0.0,0.0,0.0,0.0,0.0,0.0,0.0,0.0,0.0,0.0,0.0,0.0,0.0,0.0,0.0,0.0,0.0,-0.14000000059604645,0.07999999821186066,1.0700000524520874,1.2200000286102295,-0.09000000357627869,-0.2800000011920929,1.3200000524520874,1.190000057220459,0.0,0.0
115,0.0,0.0,0.0,0.0,0.0,0.0,0.0,0.0,0.0,0.0,0.0,0.0,0.0,0.0,0.0,0.0,0.0,0.0,0.0,0.0,0.05000000074505806,0.12999999523162842,0.9300000071525574,1.149999976158142,0.09000000357627869,0.15000000596046448,1.2300000190734863,1.0399999618530273,0.0,0.0
116,0.0,0.0,0.0,0.0,0.0,0.0,0.0,0.0,0.0,0.0,0.0,0.0,0.0,0.0,0.0,0.0,0.0,0.0,0.0,0.0,0.0,0.18000000715255737,0.9800000190734863,1.059999942779541,-0.18000000715255737,-0.27000001072883606,1.309999942779541,1.3799999952316284,0.0,0.0
117,0.0,0.0,0.0,0.0,0.0,0.0,0.0,0.0,0.0,0.0,0.0,0.0,0.0,0.0,0.0,0.0,0.0,0.0,0.0,0.0,-0.28999999165534973,0.09000000357627869,0.9800000190734863,1.159999966621399,-0.30000001192092896,-0.17000000178813934,1.1299999952316284,1.0499999523162842,0.0,0.0
118,0.0,0.0,0.0,0.0,0.0,0.0,0.0,0.0,0.0,0.0,0.0,0.0,0.0,0.0,0.0,0.0,0.0,0.0,0.0,0.0,-0.0,0.14000000059604645,0.699999988079071,1.0800000429153442,0.1899999976158142,-0.2199999988079071,0.8299999833106995,0.9599999785423279,0.0,0.0
119,0.0,0.0,0.0,0.0,0.0,0.0,0.0,0.0,0.0,0.0,0.0,0.0,0.0,0.0,0.0,0.0,0.0,0.0,0.0,0.0,0.029999999329447746,0.05999999865889549,0.699999988079071,0.8399999737739563,-0.09000000357627869,-0.019999999552965164,1.0199999809265137,0.6100000143051147,0.0,0.0
120,0.0,0.0,0.0,0.0,0.0,0.0,0.0,0.0,0.0,0.0,0.0,0.0,0.0,0.0,0.0,0.0,0.0,0.0,0.0,0.0,0.3700000047683716,0.12999999523162842,0.7300000190734863,0.75,0.019999999552965164,0.05999999865889549,0.9300000071525574,1.0,0.0,0.0
121,0.0,0.0,0.0,0.0,0.0,0.0,0.0,0.0,0.0,0.0,0.0,0.0,0.0,0.0,0.0,0.0,0.0,0.0,0.0,0.0,-0.12999999523162842,0.07999999821186066,1.100000023841858,0.8600000143051147,0.3700000047683716,0.03999999910593033,0.949999988079071,0.9900000095367432,0.0,0.0
122,0.0,0.0,0.0,0.0,0.0,0.0,0.0,0.0,0.0,0.0,0.0,0.0,0.0,0.0,0.0,0.0,0.0,0.0,0.0,0.0,-0.14000000059604645,0.07000000029802322,0.9599999785423279,1.1699999570846558,-0.07000000029802322,0.0,1.3200000524520874,0.9800000190734863,0.0,0.0
123,0.0,0.0,0.0,0.0,0.0,0.0,0.0,0.0,0.0,0.0,0.0,0.0,0.0,0.0,0.0,0.0,0.0,0.0,0.0,0.0,-0.0,-0.20000000298023224,0.8199999928474426,1.0299999713897705,-0.11999999731779099,-0.009999999776482582,1.25,1.3200000524520874,0.0,0.0
124,0.0,0.0,0.0,0.0,0.0,0.0,0.0,0.0,0.0,0.0,0.0,0.0,0.0,0.0,0.0,0.0,0.0,0.0,0.0,0.0,0.0,0.0,0.0,0.0,0.23000000417232513,-0.029999999329447746,1.1299999952316284,1.2400000095367432,0.0,0.0
125,0.0,0.0,0.0,0.0,0.0,0.0,0.0,0.0,0.0,0.0,0.0,0.0,0.0,0.0,0.0,0.0,0.0,0.0,0.0,0.0,0.0,0.0,0.0,0.0,-0.2199999988079071,0.029999999329447746,1.3600000143051147,1.100000023841858,0.0,0.0
126,0.0,0.0,0.0,0.0,0.0,0.0,0.0,0.0,0.0,0.0,0.0,0.0,0.0,0.0,0.0,0.0,0.0,0.0,0.0,0.0,0.0,0.0,0.0,0.0,0.3700000047683716,0.019999999552965164,1.1399999856948853,1.3799999952316284,0.0,0.0
127,0.0,0.0,0.0,0.0,0.0,0.0,0.0,0.0,0.0,0.0,0.0,0.0,0.0,0.0,0.0,0.0,0.0,0.0,0.0,0.0,0.0,0.0,0.0,0.0,-0.11999999731779099,0.05000000074505806,1.5099999904632568,1.159999966621399,0.0,0.0
128,0.0,0.0,0.0,0.0,0.0,0.0,0.0,0.0,0.0,0.0,0.0,0.0,0.0,0.0,0.0,0.0,0.0,0.0,0.0,0.0,0.0,0.0,0.0,0.0,0.019999999552965164,-0.029999999329447746,1.3899999856948853,1.559999942779541,0.0,0.0
129,0.0,0.0,0.0,0.0,0.0,0.0,0.0,0.0,0.0,0.0,0.0,0.0,0.0,0.0,0.0,0.0,0.0,0.0,0.0,0.0,0.0,0.0,0.0,0.0,0.1899999976158142,-0.07000000029802322,1.409999966621399,1.3600000143051147,0.0,0.0
130,0.0,0.0,0.0,0.0,0.0,0.0,0.0,0.0,0.0,0.0,0.0,0.0,0.0,0.0,0.0,0.0,0.0,0.0,0.0,0.0,0.0,0.0,0.0,0.0,0.75,-0.10000000149011612,1.600000023841858,1.340000033378601,0.0,0.0
131,0.0,0.0,0.0,0.0,0.0,0.0,0.0,0.0,0.0,0.0,0.0,0.0,0.0,0.0,0.0,0.0,0.0,0.0,0.0,0.0,0.0,0.0,0.0,0.0,0.11999999731779099,-0.03999999910593033,2.3499999046325684,1.5,0.0,0.0
132,0.0,0.0,0.0,0.0,0.0,0.0,0.0,0.0,0.0,0.0,0.0,0.0,0.0,0.0,0.0,0.0,0.0,0.0,0.0,0.0,0.0,0.0,0.0,0.0,-0.10999999940395355,0.029999999329447746,2.4700000286102295,2.309999942779541,0.0,0.0
133,0.0,0.0,0.0,0.0,0.0,0.0,0.0,0.0,0.0,0.0,0.0,0.0,0.0,0.0,0.0,0.0,0.0,0.0,0.0,0.0,0.0,0.0,0.0,0.0,-0.5299999713897705,0.009999999776482582,2.359999895095825,2.5,0.0,0.0
134,0.0,0.0,0.0,0.0,0.0,0.0,0.0,0.0,0.0,0.0,0.0,0.0,0.0,0.0,0.0,0.0,0.0,0.0,0.0,0.0,0.0,0.0,0.0,0.0,-0.5600000023841858,-0.10999999940395355,1.840000033378601,2.369999885559082,0.0,0.0
135,0.0,0.0,0.0,0.0,0.0,0.0,0.0,0.0,0.0,0.0,0.0,0.0,0.0,0.0,0.0,0.0,0.0,0.0,0.0,0.0,0.0,0.0,0.0,0.0,0.6000000238418579,-0.019999999552965164,1.2799999713897705,1.7200000286102295,0.0,0.0
136,0.0,0.0,0.0,0.0,0.0,0.0,0.0,0.0,0.0,0.0,0.0,0.0,0.0,0.0,0.0,0.0,0.0,0.0,0.0,0.0,0.0,0.0,0.0,0.0,-0.03999999910593033,-0.019999999552965164,1.8700000047683716,1.2599999904632568,0.0,0.0
137,0.0,0.0,0.0,0.0,0.0,0.0,0.0,0.0,0.0,0.0,0.0,0.0,0.0,0.0,0.0,0.0,0.0,0.0,0.0,0.0,0.0,0.0,0.0,0.0,-0.2199999988079071,0.029999999329447746,1.840000033378601,1.8600000143051147,0.0,0.0
138,0.0,0.0,0.0,0.0,0.0,0.0,0.0,0.0,0.0,0.0,0.0,0.0,0.0,0.0,0.0,0.0,0.0,0.0,0.0,0.0,0.0,0.0,0.0,0.0,-0.7200000286102295,-0.3199999928474426,1.6200000047683716,1.8700000047683716,0.0,0.0
139,0.0,0.0,0.0,0.0,0.0,0.0,0.0,0.0,0.0,0.0,0.0,0.0,0.0,0.0,0.0,0.0,0.0,0.0,0.0,0.0,0.0,0.0,0.0,0.0,0.0,0.0,0.0,0.0,0.0,0.0
140,0.0,0.0,0.0,0.0,0.0,0.0,0.0,0.0,0.0,0.0,0.0,0.0,0.0,0.0,0.0,0.0,0.0,0.0,0.0,0.0,0.0,0.0,0.0,0.0,0.0,0.0,0.0,0.0,0.0,0.0
141,0.0,0.0,0.0,0.0,0.0,0.0,0.0,0.0,0.0,0.0,0.0,0.0,0.0,0.0,0.0,0.0,0.0,0.0,0.0,0.0,0.0,0.0,0.0,0.0,0.0,0.0,0.0,0.0,0.0,0.0
142,0.0,0.0,0.0,0.0,0.0,0.0,0.0,0.0,0.0,0.0,0.0,0.0,0.0,0.0,0.0,0.0,0.0,0.0,0.0,0.0,0.0,0.0,0.0,0.0,0.0,0.0,0.0,0.0,0.0,0.0
143,0.0,0.0,0.0,0.0,0.0,0.0,0.0,0.0,0.0,0.0,0.0,0.0,0.0,0.0,0.0,0.0,0.0,0.0,0.0,0.0,0.0,0.0,0.0,0.0,0.0,0.0,0.0,0.0,0.0,0.0
144,0.0,0.0,0.0,0.0,0.0,0.0,0.0,0.0,0.0,0.0,0.0,0.0,0.0,0.0,0.0,0.0,0.0,0.0,0.0,0.0,0.0,0.0,0.0,0.0,0.0,0.0,0.0,0.0,0.0,0.0
145,0.0,0.0,0.0,0.0,0.0,0.0,0.0,0.0,0.0,0.0,0.0,0.0,0.0,0.0,0.0,0.0,0.0,0.0,0.0,0.0,0.0,0.0,0.0,0.0,0.0,0.0,0.0,0.0,0.0,0.0
146,0.0,0.0,0.0,0.0,0.0,0.0,0.0,0.0,0.0,0.0,0.0,0.0,0.0,0.0,0.0,0.0,0.0,0.0,0.0,0.0,0.0,0.0,0.0,0.0,0.0,0.0,0.0,0.0,0.0,0.0
147,0.0,0.0,0.0,0.0,0.0,0.0,0.0,0.0,0.0,0.0,0.0,0.0,0.0,0.0,0.0,0.0,0.0,0.0,0.0,0.0,0.0,0.0,0.0,0.0,0.0,0.0,0.0,0.0,0.0,0.0
148,0.0,0.0,0.0,0.0,0.0,0.0,0.0,0.0,0.0,0.0,0.0,0.0,0.0,0.0,0.0,0.0,0.0,0.0,0.0,0.0,0.0,0.0,0.0,0.0,0.0,0.0,0.0,0.0,0.0,0.0
149,0.0,0.0,0.0,0.0,0.0,0.0,0.0,0.0,0.0,0.0,0.0,0.0,0.0,0.0,0.0,0.0,0.0,0.0,0.0,0.0,0.0,0.0,0.0,0.0,0.0,0.0,0.0,0.0,0.0,0.0
150,0.0,0.0,0.0,0.0,0.0,0.0,0.0,0.0,0.0,0.0,0.0,0.0,0.0,0.0,0.0,0.0,0.0,0.0,0.0,0.0,0.0,0.0,0.0,0.0,0.0,0.0,0.0,0.0,0.0,0.0
151,0.0,0.0,0.0,0.0,0.0,0.0,0.0,0.0,0.0,0.0,0.0,0.0,0.0,0.0,0.0,0.0,0.0,0.0,0.0,0.0,0.0,0.0,0.0,0.0,0.0,0.0,0.0,0.0,0.0,0.0
152,0.0,0.0,0.0,0.0,0.0,0.0,0.0,0.0,0.0,0.0,0.0,0.0,0.0,0.0,0.0,0.0,0.0,0.0,0.0,0.0,0.0,0.0,0.0,0.0,0.0,0.0,0.0,0.0,0.0,0.0
153,0.0,0.0,0.0,0.0,0.0,0.0,0.0,0.0,0.0,0.0,0.0,0.0,0.0,0.0,0.0,0.0,0.0,0.0,0.0,0.0,0.0,0.0,0.0,0.0,0.0,0.0,0.0,0.0,0.0,0.0
154,0.0,0.0,0.0,0.0,0.0,0.0,0.0,0.0,0.0,0.0,0.0,0.0,0.0,0.0,0.0,0.0,0.0,0.0,0.0,0.0,0.0,0.0,0.0,0.0,0.0,0.0,0.0,0.0,0.0,0.0
155,0.0,0.0,0.0,0.0,0.0,0.0,0.0,0.0,0.0,0.0,0.0,0.0,0.0,0.0,0.0,0.0,0.0,0.0,0.0,0.0,0.0,0.0,0.0,0.0,0.0,0.0,0.0,0.0,0.0,0.0
156,0.0,0.0,0.0,0.0,0.0,0.0,0.0,0.0,0.0,0.0,0.0,0.0,0.0,0.0,0.0,0.0,0.0,0.0,0.0,0.0,0.0,0.0,0.0,0.0,0.0,0.0,0.0,0.0,0.0,0.0
157,0.0,0.0,0.0,0.0,0.0,0.0,0.0,0.0,0.0,0.0,0.0,0.0,0.0,0.0,0.0,0.0,0.0,0.0,0.0,0.0,0.0,0.0,0.0,0.0,0.0,0.0,0.0,0.0,0.0,0.0
158,0.0,0.0,0.0,0.0,0.0,0.0,0.0,0.0,0.0,0.0,0.0,0.0,0.0,0.0,0.0,0.0,0.0,0.0,0.0,0.0,0.0,0.0,0.0,0.0,0.0,0.0,0.0,0.0,0.0,0.0
159,0.0,0.0,0.0,0.0,0.0,0.0,0.0,0.0,0.0,0.0,0.0,0.0,0.0,0.0,0.0,0.0,0.0,0.0,0.0,0.0,0.0,0.0,0.0,0.0,0.0,0.0,0.0,0.0,0.0,0.0
160,0.0,0.0,0.0,0.0,0.0,0.0,0.0,0.0,0.0,0.0,0.0,0.0,0.0,0.0,0.0,0.0,0.0,0.0,0.0,0.0,0.0,0.0,0.0,0.0,0.0,0.0,0.0,0.0,0.0,0.0
161,0.0,0.0,0.0,0.0,0.0,0.0,0.0,0.0,0.0,0.0,0.0,0.0,0.0,0.0,0.0,0.0,0.0,0.0,0.0,0.0,0.0,0.0,0.0,0.0,0.0,0.0,0.0,0.0,0.0,0.0
162,0.0,0.0,0.0,0.0,0.0,0.0,0.0,0.0,0.0,0.0,0.0,0.0,0.0,0.0,0.0,0.0,0.0,0.0,0.0,0.0,0.0,0.0,0.0,0.0,0.0,0.0,0.0,0.0,0.0,0.0
163,0.0,0.0,0.0,0.0,0.0,0.0,0.0,0.0,0.0,0.0,0.0,0.0,0.0,0.0,0.0,0.0,0.0,0.0,0.0,0.0,0.0,0.0,0.0,0.0,0.0,0.0,0.0,0.0,0.0,0.0
164,0.0,0.0,0.0,0.0,0.0,0.0,0.0,0.0,0.0,0.0,0.0,0.0,0.0,0.0,0.0,0.0,0.0,0.0,0.0,0.0,0.0,0.0,0.0,0.0,0.0,0.0,0.0,0.0,0.0,0.0
165,0.0,0.0,0.0,0.0,0.0,0.0,0.0,0.0,0.0,0.0,0.0,0.0,0.0,0.0,0.0,0.0,0.0,0.0,0.0,0.0,0.0,0.0,0.0,0.0,0.0,0.0,0.0,0.0,0.0,0.0
166,0.0,0.0,0.0,0.0,0.0,0.0,0.0,0.0,0.0,0.0,0.0,0.0,0.0,0.0,0.0,0.0,0.0,0.0,0.0,0.0,0.0,0.0,0.0,0.0,0.0,0.0,0.0,0.0,0.0,0.0
167,0.0,0.0,0.0,0.0,0.0,0.0,0.0,0.0,0.0,0.0,0.0,0.0,0.0,0.0,0.0,0.0,0.0,0.0,0.0,0.0,0.0,0.0,0.0,0.0,0.0,0.0,0.0,0.0,0.0,0.0
168,0.0,0.0,0.0,0.0,0.0,0.0,0.0,0.0,0.0,0.0,0.0,0.0,0.0,0.0,0.0,0.0,0.0,0.0,0.0,0.0,0.0,0.0,0.0,0.0,0.0,0.0,0.0,0.0,0.0,0.0
169,0.0,0.0,0.0,0.0,0.0,0.0,0.0,0.0,0.0,0.0,0.0,0.0,0.0,0.0,0.0,0.0,0.0,0.0,0.0,0.0,0.0,0.0,0.0,0.0,0.0,0.0,0.0,0.0,0.0,0.0
170,0.0,0.0,0.0,0.0,0.0,0.0,0.0,0.0,0.0,0.0,0.0,0.0,0.0,0.0,0.0,0.0,0.0,0.0,0.0,0.0,0.0,0.0,0.0,0.0,0.0,0.0,0.0,0.0,0.0,0.0
171,0.0,0.0,0.0,0.0,0.0,0.0,0.0,0.0,0.0,0.0,0.0,0.0,0.0,0.0,0.0,0.0,0.0,0.0,0.0,0.0,0.0,0.0,0.0,0.0,0.0,0.0,0.0,0.0,0.0,0.0
172,0.0,0.0,0.0,0.0,0.0,0.0,0.0,0.0,0.0,0.0,0.0,0.0,0.0,0.0,0.0,0.0,0.0,0.0,0.0,0.0,0.0,0.0,0.0,0.0,0.0,0.0,0.0,0.0,0.0,0.0
173,0.0,0.0,0.0,0.0,0.0,0.0,0.0,0.0,0.0,0.0,0.0,0.0,0.0,0.0,0.0,0.0,0.0,0.0,0.0,0.0,0.0,0.0,0.0,0.0,0.0,0.0,0.0,0.0,0.0,0.0
174,0.0,0.0,0.0,0.0,0.0,0.0,0.0,0.0,0.0,0.0,0.0,0.0,0.0,0.0,0.0,0.0,0.0,0.0,0.0,0.0,0.0,0.0,0.0,0.0,0.0,0.0,0.0,0.0,0.0,0.0
175,0.0,0.0,0.0,0.0,0.0,0.0,0.0,0.0,0.0,0.0,0.0,0.0,0.0,0.0,0.0,0.0,0.0,0.0,0.0,0.0,0.0,0.0,0.0,0.0,0.0,0.0,0.0,0.0,0.0,0.0
176,0.0,0.0,0.0,0.0,0.0,0.0,0.0,0.0,0.0,0.0,0.0,0.0,0.0,0.0,0.0,0.0,0.0,0.0,0.0,0.0,0.0,0.0,0.0,0.0,0.0,0.0,0.0,0.0,0.0,0.0
177,0.0,0.0,0.0,0.0,0.0,0.0,0.0,0.0,0.0,0.0,0.0,0.0,0.0,0.0,0.0,0.0,0.0,0.0,0.0,0.0,0.0,0.0,0.0,0.0,0.0,0.0,0.0,0.0,0.0,0.0
178,0.0,0.0,0.0,0.0,0.0,0.0,0.0,0.0,0.0,0.0,0.0,0.0,0.0,0.0,0.0,0.0,0.0,0.0,0.0,0.0,0.0,0.0,0.0,0.0,0.0,0.0,0.0,0.0,0.0,0.0
179,0.0,0.0,0.0,0.0,0.0,0.0,0.0,0.0,0.0,0.0,0.0,0.0,0.0,0.0,0.0,0.0,0.0,0.0,0.0,0.0,0.0,0.0,0.0,0.0,0.0,0.0,0.0,0.0,0.0,0.0
180,0.0,0.0,0.0,0.0,0.0,0.0,0.0,0.0,0.0,0.0,0.0,0.0,0.0,0.0,0.0,0.0,0.0,0.0,0.0,0.0,0.0,0.0,0.0,0.0,0.0,0.0,0.0,0.0,0.0,0.0
181,0.0,0.0,0.0,0.0,0.0,0.0,0.0,0.0,0.0,0.0,0.0,0.0,0.0,0.0,0.0,0.0,0.0,0.0,0.0,0.0,0.0,0.0,0.0,0.0,0.0,0.0,0.0,0.0,0.0,0.0
182,0.0,0.0,0.0,0.0,0.0,0.0,0.0,0.0,0.0,0.0,0.0,0.0,0.0,0.0,0.0,0.0,0.0,0.0,0.0,0.0,0.0,0.0,0.0,0.0,0.0,0.0,0.0,0.0,0.0,0.0
183,0.0,0.0,0.0,0.0,0.0,0.0,0.0,0.0,0.0,0.0,0.0,0.0,0.0,0.0,0.0,0.0,0.0,0.0,0.0,0.0,0.0,0.0,0.0,0.0,0.0,0.0,0.0,0.0,0.0,0.0
184,0.0,0.0,0.0,0.0,0.0,0.0,0.0,0.0,0.0,0.0,0.0,0.0,0.0,0.0,0.0,0.0,0.0,0.0,0.0,0.0,0.0,0.0,0.0,0.0,0.0,0.0,0.0,0.0,0.0,0.0
185,0.0,0.0,0.0,0.0,0.0,0.0,0.0,0.0,0.0,0.0,0.0,0.0,0.0,0.0,0.0,0.0,0.0,0.0,0.0,0.0,0.0,0.0,0.0,0.0,0.0,0.0,0.0,0.0,0.0,0.0
186,0.0,0.0,0.0,0.0,0.0,0.0,0.0,0.0,0.0,0.0,0.0,0.0,0.0,0.0,0.0,0.0,0.0,0.0,0.0,0.0,0.0,0.0,0.0,0.0,0.0,0.0,0.0,0.0,0.0,0.0
187,0.0,0.0,0.0,0.0,0.0,0.0,0.0,0.0,0.0,0.0,0.0,0.0,0.0,0.0,0.0,0.0,0.0,0.0,0.0,0.0,0.0,0.0,0.0,0.0,0.0,0.0,0.0,0.0,0.0,0.0
188,0.0,0.0,0.0,0.0,0.0,0.0,0.0,0.0,0.0,0.0,0.0,0.0,0.0,0.0,0.0,0.0,0.0,0.0,0.0,0.0,0.0,0.0,0.0,0.0,0.0,0.0,0.0,0.0,0.0,0.0
189,0.0,0.0,0.0,0.0,0.0,0.0,0.0,0.0,0.0,0.0,0.0,0.0,0.0,0.0,0.0,0.0,0.0,0.0,0.0,0.0,0.0,0.0,0.0,0.0,0.0,0.0,0.0,0.0,0.0,0.0
190,0.0,0.0,0.0,0.0,0.0,0.0,0.0,0.0,0.0,0.0,0.0,0.0,0.0,0.0,0.0,0.0,0.0,0.0,0.0,0.0,0.0,0.0,0.0,0.0,0.0,0.0,0.0,0.0,0.0,0.0
191,0.0,0.0,0.0,0.0,0.0,0.0,0.0,0.0,0.0,0.0,0.0,0.0,0.0,0.0,0.0,0.0,0.0,0.0,0.0,0.0,0.0,0.0,0.0,0.0,0.0,0.0,0.0,0.0,0.0,0.0
192,0.0,0.0,0.0,0.0,0.0,0.0,0.0,0.0,0.0,0.0,0.0,0.0,0.0,0.0,0.0,0.0,0.0,0.0,0.0,0.0,0.0,0.0,0.0,0.0,0.0,0.0,0.0,0.0,0.0,0.0
193,0.0,0.0,0.0,0.0,0.0,0.0,0.0,0.0,0.0,0.0,0.0,0.0,0.0,0.0,0.0,0.0,0.0,0.0,0.0,0.0,0.0,0.0,0.0,0.0,0.0,0.0,0.0,0.0,0.0,0.0
194,0.0,0.0,0.0,0.0,0.0,0.0,0.0,0.0,0.0,0.0,0.0,0.0,0.0,0.0,0.0,0.0,0.0,0.0,0.0,0.0,0.0,0.0,0.0,0.0,0.0,0.0,0.0,0.0,0.0,0.0
195,0.0,0.0,0.0,0.0,0.0,0.0,0.0,0.0,0.0,0.0,0.0,0.0,0.0,0.0,0.0,0.0,0.0,0.0,0.0,0.0,0.0,0.0,0.0,0.0,0.0,0.0,0.0,0.0,0.0,0.0
196,0.0,0.0,0.0,0.0,0.0,0.0,0.0,0.0,0.0,0.0,0.0,0.0,0.0,0.0,0.0,0.0,0.0,0.0,0.0,0.0,0.0,0.0,0.0,0.0,0.0,0.0,0.0,0.0,0.0,0.0
197,0.0,0.0,0.0,0.0,0.0,0.0,0.0,0.0,0.0,0.0,0.0,0.0,0.0,0.0,0.0,0.0,0.0,0.0,0.0,0.0,0.0,0.0,0.0,0.0,0.0,0.0,0.0,0.0,0.0,0.0
198,0.0,0.0,0.0,0.0,0.0,0.0,0.0,0.0,0.0,0.0,0.0,0.0,0.0,0.0,0.0,0.0,0.0,0.0,0.0,0.0,0.0,0.0,0.0,0.0,0.0,0.0,0.0,0.0,0.0,0.0
199,0.0,0.0,0.0,0.0,0.0,0.0,0.0,0.0,0.0,0.0,0.0,0.0,0.0,0.0,0.0,0.0,0.0,0.0,0.0,0.0,0.0,0.0,0.0,0.0,0.0,0.0,0.0,0.0,0.0,0.0
200,0.0,0.0,0.0,0.0,0.0,0.0,0.0,0.0,0.0,0.0,0.0,0.0,0.0,0.0,0.0,0.0,0.0,0.0,0.0,0.0,0.0,0.0,0.0,0.0,0.0,0.0,0.0,0.0,0.0,0.0
201,0.0,0.0,0.0,0.0,0.0,0.0,0.0,0.0,0.0,0.0,0.0,0.0,0.0,0.0,0.0,0.0,0.0,0.0,0.0,0.0,0.0,0.0,0.0,0.0,0.0,0.0,0.0,0.0,0.0,0.0
202,0.0,0.0,0.0,0.0,0.0,0.0,0.0,0.0,0.0,0.0,0.0,0.0,0.0,0.0,0.0,0.0,0.0,0.0,0.0,0.0,0.0,0.0,0.0,0.0,0.0,0.0,0.0,0.0,0.0,0.0
203,0.0,0.0,0.0,0.0,0.0,0.0,0.0,0.0,0.0,0.0,0.0,0.0,0.0,0.0,0.0,0.0,0.0,0.0,0.0,0.0,0.0,0.0,0.0,0.0,0.0,0.0,0.0,0.0,0.0,0.0
204,0.0,0.0,0.0,0.0,0.0,0.0,0.0,0.0,0.0,0.0,0.0,0.0,0.0,0.0,0.0,0.0,0.0,0.0,0.0,0.0,0.0,0.0,0.0,0.0,0.0,0.0,0.0,0.0,0.0,0.0
205,0.0,0.0,0.0,0.0,0.0,0.0,0.0,0.0,0.0,0.0,0.0,0.0,0.0,0.0,0.0,0.0,0.0,0.0,0.0,0.0,0.0,0.0,0.0,0.0,0.0,0.0,0.0,0.0,0.0,0.0
206,0.0,0.0,0.0,0.0,0.0,0.0,0.0,0.0,0.0,0.0,0.0,0.0,0.0,0.0,0.0,0.0,0.0,0.0,0.0,0.0,0.0,0.0,0.0,0.0,0.0,0.0,0.0,0.0,0.0,0.0
207,0.0,0.0,0.0,0.0,0.0,0.0,0.0,0.0,0.0,0.0,0.0,0.0,0.0,0.0,0.0,0.0,0.0,0.0,0.0,0.0,0.0,0.0,0.0,0.0,0.0,0.0,0.0,0.0,0.0,0.0
208,0.0,0.0,0.0,0.0,0.0,0.0,0.0,0.0,0.0,0.0,0.0,0.0,0.0,0.0,0.0,0.0,0.0,0.0,0.0,0.0,0.0,0.0,0.0,0.0,0.0,0.0,0.0,0.0,0.0,0.0
209,0.0,0.0,0.0,0.0,0.0,0.0,0.0,0.0,0.0,0.0,0.0,0.0,0.0,0.0,0.0,0.0,0.0,0.0,0.0,0.0,0.0,0.0,0.0,0.0,0.0,0.0,0.0,0.0,0.0,0.0
210,0.0,0.0,0.0,0.0,0.0,0.0,0.0,0.0,0.0,0.0,0.0,0.0,0.0,0.0,0.0,0.0,0.0,0.0,0.0,0.0,0.0,0.0,0.0,0.0,0.0,0.0,0.0,0.0,0.0,0.0
211,0.0,0.0,0.0,0.0,0.0,0.0,0.0,0.0,0.0,0.0,0.0,0.0,0.0,0.0,0.0,0.0,0.0,0.0,0.0,0.0,0.0,0.0,0.0,0.0,0.0,0.0,0.0,0.0,0.0,0.0
212,0.0,0.0,0.0,0.0,0.0,0.0,0.0,0.0,0.0,0.0,0.0,0.0,0.0,0.0,0.0,0.0,0.0,0.0,0.0,0.0,0.0,0.0,0.0,0.0,0.0,0.0,0.0,0.0,0.0,0.0
213,0.0,0.0,0.0,0.0,0.0,0.0,0.0,0.0,0.0,0.0,0.0,0.0,0.0,0.0,0.0,0.0,0.0,0.0,0.0,0.0,0.0,0.0,0.0,0.0,0.0,0.0,0.0,0.0,0.0,0.0
214,0.0,0.0,0.0,0.0,0.0,0.0,0.0,0.0,0.0,0.0,0.0,0.0,0.0,0.0,0.0,0.0,0.0,0.0,0.0,0.0,0.0,0.0,0.0,0.0,0.0,0.0,0.0,0.0,0.0,0.0
215,0.0,0.0,0.0,0.0,0.0,0.0,0.0,0.0,0.0,0.0,0.0,0.0,0.0,0.0,0.0,0.0,0.0,0.0,0.0,0.0,0.0,0.0,0.0,0.0,0.0,0.0,0.0,0.0,0.0,0.0
216,0.0,0.0,0.0,0.0,0.0,0.0,0.0,0.0,0.0,0.0,0.0,0.0,0.0,0.0,0.0,0.0,0.0,0.0,0.0,0.0,0.0,0.0,0.0,0.0,0.0,0.0,0.0,0.0,0.0,0.0
217,0.0,0.0,0.0,0.0,0.0,0.0,0.0,0.0,0.0,0.0,0.0,0.0,0.0,0.0,0.0,0.0,0.0,0.0,0.0,0.0,0.0,0.0,0.0,0.0,0.0,0.0,0.0,0.0,0.0,0.0
218,0.0,0.0,0.0,0.0,0.0,0.0,0.0,0.0,0.0,0.0,0.0,0.0,0.0,0.0,0.0,0.0,0.0,0.0,0.0,0.0,0.0,0.0,0.0,0.0,0.0,0.0,0.0,0.0,0.0,0.0
219,0.0,0.0,0.0,0.0,0.0,0.0,0.0,0.0,0.0,0.0,0.0,0.0,0.0,0.0,0.0,0.0,0.0,0.0,0.0,0.0,0.0,0.0,0.0,0.0,0.0,0.0,0.0,0.0,0.0,0.0
220,0.0,0.0,0.0,0.0,0.0,0.0,0.0,0.0,0.0,0.0,0.0,0.0,0.0,0.0,0.0,0.0,0.0,0.0,0.0,0.0,0.0,0.0,0.0,0.0,0.0,0.0,0.0,0.0,0.0,0.0
221,0.0,0.0,0.0,0.0,0.0,0.0,0.0,0.0,0.0,0.0,0.0,0.0,0.0,0.0,0.0,0.0,0.0,0.0,0.0,0.0,0.0,0.0,0.0,0.0,0.0,0.0,0.0,0.0,0.0,0.0
222,0.0,0.0,0.0,0.0,0.0,0.0,0.0,0.0,0.0,0.0,0.0,0.0,0.0,0.0,0.0,0.0,0.0,0.0,0.0,0.0,0.0,0.0,0.0,0.0,0.0,0.0,0.0,0.0,0.0,0.0
223,0.0,0.0,0.0,0.0,0.0,0.0,0.0,0.0,0.0,0.0,0.0,0.0,0.0,0.0,0.0,0.0,0.0,0.0,0.0,0.0,0.0,0.0,0.0,0.0,0.0,0.0,0.0,0.0,0.0,0.0
224,0.0,0.0,0.0,0.0,0.0,0.0,0.0,0.0,0.0,0.0,0.0,0.0,0.0,0.0,0.0,0.0,0.0,0.0,0.0,0.0,0.0,0.0,0.0,0.0,0.0,0.0,0.0,0.0,0.0,0.0
225,0.0,0.0,0.0,0.0,0.0,0.0,0.0,0.0,0.0,0.0,0.0,0.0,0.0,0.0,0.0,0.0,0.0,0.0,0.0,0.0,0.0,0.0,0.0,0.0,0.0,0.0,0.0,0.0,0.0,0.0
226,0.0,0.0,0.0,0.0,0.0,0.0,0.0,0.0,0.0,0.0,0.0,0.0,0.0,0.0,0.0,0.0,0.0,0.0,0.0,0.0,0.0,0.0,0.0,0.0,0.0,0.0,0.0,0.0,0.0,0.0
227,0.0,0.0,0.0,0.0,0.0,0.0,0.0,0.0,0.0,0.0,0.0,0.0,0.0,0.0,0.0,0.0,0.0,0.0,0.0,0.0,0.0,0.0,0.0,0.0,0.0,0.0,0.0,0.0,0.0,0.0
228,0.0,0.0,0.0,0.0,0.0,0.0,0.0,0.0,0.0,0.0,0.0,0.0,0.0,0.0,0.0,0.0,0.0,0.0,0.0,0.0,0.0,0.0,0.0,0.0,0.0,0.0,0.0,0.0,0.0,0.0
229,0.0,0.0,0.0,0.0,0.0,0.0,0.0,0.0,0.0,0.0,0.0,0.0,0.0,0.0,0.0,0.0,0.0,0.0,0.0,0.0,0.0,0.0,0.0,0.0,0.0,0.0,0.0,0.0,0.0,0.0
230,0.0,0.0,0.0,0.0,0.0,0.0,0.0,0.0,0.0,0.0,0.0,0.0,0.0,0.0,0.0,0.0,0.0,0.0,0.0,0.0,0.0,0.0,0.0,0.0,0.0,0.0,0.0,0.0,0.0,0.0
231,0.0,0.0,0.0,0.0,0.0,0.0,0.0,0.0,0.0,0.0,0.0,0.0,0.0,0.0,0.0,0.0,0.0,0.0,0.0,0.0,0.0,0.0,0.0,0.0,0.0,0.0,0.0,0.0,0.0,0.0
232,0.0,0.0,0.0,0.0,0.0,0.0,0.0,0.0,0.0,0.0,0.0,0.0,0.0,0.0,0.0,0.0,0.0,0.0,0.0,0.0,0.0,0.0,0.0,0.0,0.0,0.0,0.0,0.0,0.0,0.0
233,0.0,0.0,0.0,0.0,0.0,0.0,0.0,0.0,0.0,0.0,0.0,0.0,0.0,0.0,0.0,0.0,0.0,0.0,0.0,0.0,0.0,0.0,0.0,0.0,0.0,0.0,0.0,0.0,0.0,0.0
234,0.0,0.0,0.0,0.0,0.0,0.0,0.0,0.0,0.0,0.0,0.0,0.0,0.0,0.0,0.0,0.0,0.0,0.0,0.0,0.0,0.0,0.0,0.0,0.0,0.0,0.0,0.0,0.0,0.0,0.0
235,0.0,0.0,0.0,0.0,0.0,0.0,0.0,0.0,0.0,0.0,0.0,0.0,0.0,0.0,0.0,0.0,0.0,0.0,0.0,0.0,0.0,0.0,0.0,0.0,0.0,0.0,0.0,0.0,0.0,0.0
236,0.0,0.0,0.0,0.0,0.0,0.0,0.0,0.0,0.0,0.0,0.0,0.0,0.0,0.0,0.0,0.0,0.0,0.0,0.0,0.0,0.0,0.0,0.0,0.0,0.0,0.0,0.0,0.0,0.0,0.0
237,0.0,0.0,0.0,0.0,0.0,0.0,0.0,0.0,0.0,0.0,0.0,0.0,0.0,0.0,0.0,0.0,0.0,0.0,0.0,0.0,0.0,0.0,0.0,0.0,0.0,0.0,0.0,0.0,0.0,0.0
238,0.0,0.0,0.0,0.0,0.0,0.0,0.0,0.0,0.0,0.0,0.0,0.0,0.0,0.0,0.0,0.0,0.0,0.0,0.0,0.0,0.0,0.0,0.0,0.0,0.0,0.0,0.0,0.0,0.0,0.0
239,0.0,0.0,0.0,0.0,0.0,0.0,0.0,0.0,0.0,0.0,0.0,0.0,0.0,0.0,0.0,0.0,0.0,0.0,0.0,0.0,0.0,0.0,0.0,0.0,0.0,0.0,0.0,0.0,0.0,0.0
240,0.0,0.0,0.0,0.0,0.0,0.0,0.0,0.0,0.0,0.0,0.0,0.0,0.0,0.0,0.0,0.0,0.0,0.0,0.0,0.0,0.0,0.0,0.0,0.0,0.0,0.0,0.0,0.0,0.0,0.0
241,0.0,0.0,0.0,0.0,0.0,0.0,0.0,0.0,0.0,0.0,0.0,0.0,0.0,0.0,0.0,0.0,0.0,0.0,0.0,0.0,0.0,0.0,0.0,0.0,0.0,0.0,0.0,0.0,0.0,0.0
242,0.0,0.0,0.0,0.0,0.0,0.0,0.0,0.0,0.0,0.0,0.0,0.0,0.0,0.0,0.0,0.0,0.0,0.0,0.0,0.0,0.0,0.0,0.0,0.0,0.0,0.0,0.0,0.0,0.0,0.0
243,0.0,0.0,0.0,0.0,0.0,0.0,0.0,0.0,0.0,0.0,0.0,0.0,0.0,0.0,0.0,0.0,0.0,0.0,0.0,0.0,0.0,0.0,0.0,0.0,0.0,0.0,0.0,0.0,0.0,0.0
244,0.0,0.0,0.0,0.0,0.0,0.0,0.0,0.0,0.0,0.0,0.0,0.0,0.0,0.0,0.0,0.0,0.0,0.0,0.0,0.0,0.0,0.0,0.0,0.0,0.0,0.0,0.0,0.0,0.0,0.0
245,0.0,0.0,0.0,0.0,0.0,0.0,0.0,0.0,0.0,0.0,0.0,0.0,0.0,0.0,0.0,0.0,0.0,0.0,0.0,0.0,0.0,0.0,0.0,0.0,0.0,0.0,0.0,0.0,0.0,0.0
246,0.0,0.0,0.0,0.0,0.0,0.0,0.0,0.0,0.0,0.0,0.0,0.0,0.0,0.0,0.0,0.0,0.0,0.0,0.0,0.0,0.0,0.0,0.0,0.0,0.0,0.0,0.0,0.0,0.0,0.0
247,0.0,0.0,0.0,0.0,0.0,0.0,0.0,0.0,0.0,0.0,0.0,0.0,0.0,0.0,0.0,0.0,0.0,0.0,0.0,0.0,0.0,0.0,0.0,0.0,0.0,0.0,0.0,0.0,0.0,0.0
248,0.0,0.0,0.0,0.0,0.0,0.0,0.0,0.0,0.0,0.0,0.0,0.0,0.0,0.0,0.0,0.0,0.0,0.0,0.0,0.0,0.0,0.0,0.0,0.0,0.0,0.0,0.0,0.0,0.0,0.0
249,0.0,0.0,0.0,0.0,0.0,0.0,0.0,0.0,0.0,0.0,0.0,0.0,0.0,0.0,0.0,0.0,0.0,0.0,0.0,0.0,0.0,0.0,0.0,0.0,0.0,0.0,0.0,0.0,0.0,0.0
